distance_km,time_of_day,traffic_level,weather,fuel_quantity,eta_minutes
9.99,Morning,Low,Clear,12.3,16.9
23.82,Afternoon,Low,Clear,16.5,35.5
18.57,Night,High,Clear,15.7,50.3
15.37,Evening,Low,Clear,4.8,31.2
4.74,Evening,Low,Clear,4.7,14.1
4.74,Evening,Medium,Clear,6.8,19.4
2.39,Evening,Low,Rainy,8.5,17.3
21.79,Evening,Medium,Clear,9.4,40.7
15.43,Morning,Low,Clear,14.2,29.0
17.99,Afternoon,Low,Clear,3.0,27.4
1.49,Morning,Low,Clear,2.6,9.6
24.28,Night,Low,Clear,9.1,47.9
20.98,Night,High,Clear,14.5,53.1
6.1,Morning,Low,Clear,5.5,9.0
5.36,Evening,Medium,Clear,13.5,20.8
5.4,Night,Low,Clear,6.7,16.4
8.3,Morning,Low,Clear,17.9,21.2
13.59,Afternoon,High,Clear,18.1,40.4
11.37,Night,Low,Clear,7.4,24.1
7.99,Morning,Medium,Clear,6.1,24.5
15.68,Evening,High,Clear,9.4,42.5
4.35,Morning,Medium,Clear,6.3,15.7
8.01,Night,High,Clear,14.1,33.4
9.79,Night,Low,Clear,16.9,27.8
11.95,Night,Low,Clear,14.1,30.1
19.84,Afternoon,Low,Clear,16.8,31.1
5.79,Night,Medium,Rainy,9.1,37.5
13.34,Evening,High,Clear,4.8,41.3
15.22,Afternoon,Low,Clear,15.3,28.2
2.11,Evening,Medium,Clear,8.5,11.4
15.58,Morning,Low,Clear,14.1,28.6
5.09,Afternoon,Medium,Clear,6.9,17.0
2.56,Morning,Low,Clear,3.5,6.0
23.77,Morning,High,Clear,19.9,54.2
24.18,Morning,Medium,Clear,4.8,44.2
20.4,Evening,Low,Clear,19.8,44.9
8.31,Afternoon,Low,Clear,19.6,22.0
3.34,Evening,Low,Rainy,16.3,18.8
17.42,Morning,Low,Clear,13.9,34.4
11.56,Afternoon,Low,Clear,12.4,28.0
3.93,Afternoon,High,Clear,17.6,34.6
12.88,Evening,Medium,Rainy,7.2,35.1
1.83,Afternoon,Medium,Clear,10.4,13.6
22.82,Evening,Low,Clear,13.1,35.9
7.21,Night,High,Clear,9.4,34.3
16.9,Evening,Medium,Clear,9.7,35.6
8.48,Morning,Low,Clear,7.9,20.9
13.48,Morning,Medium,Clear,12.2,26.6
14.12,Night,Medium,Clear,17.3,33.3
5.44,Morning,Low,Clear,5.6,8.4
24.27,Night,Low,Clear,18.8,43.1
19.6,Afternoon,Low,Clear,14.4,38.0
23.55,Night,Low,Clear,16.8,41.2
22.48,Evening,High,Clear,12.0,53.4
15.35,Night,Medium,Clear,16.0,33.6
23.12,Afternoon,Medium,Rainy,2.3,49.4
3.12,Evening,Low,Clear,16.7,18.6
5.7,Afternoon,Low,Clear,2.7,12.4
2.09,Afternoon,Medium,Clear,18.0,12.9
8.81,Evening,Medium,Rainy,19.9,36.1
10.33,Night,Low,Clear,7.3,24.7
7.51,Night,Medium,Clear,5.8,26.4
20.89,Evening,Medium,Clear,15.8,41.0
9.56,Afternoon,Low,Clear,6.6,20.1
7.74,Afternoon,Low,Clear,17.6,10.8
14.02,Evening,Medium,Clear,3.9,29.3
4.38,Morning,Low,Clear,4.3,6.4
20.25,Morning,Low,Rainy,19.6,46.2
2.79,Afternoon,Low,Clear,14.1,10.5
24.69,Morning,Low,Clear,17.2,38.0
19.53,Morning,Medium,Clear,7.8,33.7
5.77,Morning,Medium,Clear,14.2,18.5
1.13,Morning,Low,Clear,12.7,5.3
20.57,Morning,High,Clear,12.9,45.0
17.96,Night,High,Clear,14.3,48.8
18.5,Afternoon,High,Rainy,12.4,55.6
19.51,Afternoon,Low,Rainy,9.7,40.6
2.78,Evening,Low,Clear,7.0,10.0
9.6,Morning,High,Clear,15.8,37.6
3.78,Night,Medium,Rainy,6.1,23.2
21.71,Evening,Low,Clear,14.5,35.4
15.96,Morning,Low,Rainy,6.2,36.2
8.94,Afternoon,Low,Clear,13.3,17.4
2.53,Night,High,Clear,15.4,26.5
8.46,Night,Medium,Clear,5.9,24.1
8.8,Afternoon,Low,Clear,3.1,15.4
18.51,Evening,Low,Clear,4.4,37.9
16.3,Morning,Medium,Clear,12.9,35.7
22.29,Night,Medium,Clear,17.3,53.2
12.33,Morning,Low,Clear,2.8,15.1
3.87,Night,Medium,Clear,15.2,18.9
18.12,Evening,High,Rainy,8.1,45.1
19.26,Evening,Low,Clear,10.6,33.6
14.47,Afternoon,Medium,Clear,18.7,37.2
19.5,Morning,Low,Clear,8.0,33.2
12.85,Morning,Medium,Clear,10.4,26.7
13.55,Morning,Medium,Rainy,2.2,33.9
11.26,Morning,Medium,Clear,3.5,20.9
1.61,Evening,Medium,Clear,6.7,14.0
3.59,Afternoon,Low,Clear,2.5,10.4
1.75,Morning,High,Clear,13.4,13.8
16.27,Night,Medium,Clear,9.7,40.2
8.54,Night,Low,Rainy,11.9,34.2
13.21,Night,Medium,Clear,5.1,32.1
22.78,Night,Medium,Clear,7.3,50.5
6.98,Morning,Low,Clear,13.9,23.1
10.85,Afternoon,High,Clear,19.4,35.8
19.13,Evening,High,Clear,2.9,46.7
6.49,Evening,Low,Clear,18.0,16.9
2.85,Morning,High,Clear,12.4,20.5
7.95,Evening,Low,Clear,12.2,21.0
4.87,Morning,Low,Clear,11.0,11.2
23.31,Morning,Low,Clear,3.2,32.9
20.39,Afternoon,High,Clear,3.6,46.3
16.2,Afternoon,Medium,Clear,12.8,39.5
21.92,Afternoon,Low,Rainy,8.1,46.7
20.29,Morning,Low,Clear,18.5,38.9
5.48,Night,Medium,Clear,9.3,22.3
22.42,Morning,Low,Clear,4.6,37.3
13.94,Morning,High,Clear,14.9,38.2
20.38,Night,Medium,Clear,7.3,41.9
22.51,Night,Medium,Clear,11.5,50.2
8.63,Night,High,Clear,14.6,33.3
3.64,Evening,Low,Clear,18.2,13.0
6.47,Evening,High,Clear,16.3,31.2
11.25,Afternoon,Medium,Clear,14.2,29.0
20.63,Morning,Medium,Clear,14.2,36.6
21.66,Afternoon,Low,Clear,19.0,43.4
1.17,Afternoon,High,Rainy,7.3,27.7
13.26,Morning,Low,Clear,2.0,18.4
11.02,Evening,Low,Clear,6.9,18.0
6.33,Afternoon,Low,Clear,5.9,12.8
3.88,Morning,Medium,Rainy,13.9,21.7
9.1,Morning,Medium,Clear,13.4,23.0
23.63,Evening,Medium,Clear,12.7,47.2
8.76,Morning,High,Clear,2.3,19.8
13.45,Night,Low,Clear,15.1,30.5
17.87,Afternoon,Medium,Clear,7.8,35.2
9.73,Afternoon,Low,Clear,14.0,22.7
24.32,Afternoon,High,Clear,12.0,52.0
24.1,Evening,Medium,Clear,8.2,52.6
7.04,Afternoon,Medium,Rainy,4.4,21.1
12.93,Evening,Medium,Clear,3.7,33.4
8.22,Afternoon,Low,Clear,17.0,18.8
7.84,Morning,Low,Clear,18.5,19.9
1.89,Night,Medium,Clear,13.7,19.2
15.63,Evening,Low,Rainy,3.9,40.0
13.06,Evening,Low,Clear,9.2,25.2
2.24,Night,Low,Clear,15.1,11.6
7.69,Night,Medium,Clear,16.0,32.6
22.8,Evening,Low,Clear,4.1,39.1
6.75,Evening,Low,Clear,2.0,15.4
4.48,Evening,Medium,Clear,14.8,23.9
12.75,Evening,Medium,Clear,8.4,27.5
24.66,Evening,Low,Clear,6.6,44.8
6.81,Evening,Low,Clear,2.2,13.1
17.13,Morning,Low,Rainy,11.7,36.8
19.28,Night,Low,Clear,17.3,41.3
6.7,Night,Low,Clear,19.2,18.3
18.48,Morning,Medium,Clear,12.2,34.0
9.83,Evening,Medium,Clear,11.3,31.2
16.18,Morning,Medium,Clear,3.5,33.0
16.2,Afternoon,Low,Clear,11.9,29.7
13.86,Evening,Medium,Clear,8.8,33.2
3.17,Morning,Low,Clear,12.9,7.7
21.05,Evening,High,Clear,9.0,54.3
8.7,Evening,Medium,Rainy,6.3,31.3
5.48,Afternoon,Low,Clear,3.7,12.0
1.98,Morning,Medium,Clear,7.7,13.7
15.18,Morning,Low,Clear,3.7,21.5
17.26,Evening,Medium,Clear,5.2,41.1
1.4,Night,Low,Clear,19.8,10.4
13.29,Evening,Low,Clear,10.0,31.8
6.44,Morning,High,Clear,11.6,24.0
16.48,Evening,Low,Clear,17.7,33.3
5.18,Afternoon,Medium,Clear,19.9,15.1
17.58,Evening,Low,Clear,12.5,32.8
10.28,Morning,Medium,Rainy,16.6,30.3
23.48,Evening,Medium,Clear,7.9,44.8
4.3,Afternoon,Medium,Clear,7.5,15.3
9.19,Night,Low,Clear,9.2,26.4
3.72,Afternoon,Low,Clear,14.1,12.4
23.19,Evening,Low,Clear,14.3,44.0
22.06,Night,Low,Clear,7.7,39.1
7.19,Morning,Medium,Clear,4.4,14.5
16.84,Night,High,Clear,13.4,53.7
20.61,Evening,High,Clear,4.3,46.0
14.32,Morning,Medium,Clear,12.4,35.2
13.71,Afternoon,Medium,Clear,14.5,31.2
6.8,Evening,Medium,Clear,14.6,23.6
3.23,Morning,Low,Clear,15.6,12.7
22.53,Afternoon,High,Rainy,17.7,64.9
22.61,Afternoon,Medium,Rainy,11.0,51.9
16.19,Evening,Medium,Clear,15.1,36.7
9.14,Morning,Low,Clear,13.1,17.5
9.38,Night,Low,Clear,5.4,23.7
18.42,Night,Low,Rainy,2.5,46.1
22.53,Night,High,Rainy,7.1,62.9
22.29,Evening,Medium,Clear,10.0,47.3
19.72,Morning,Low,Clear,13.1,38.4
16.41,Evening,High,Clear,17.3,46.9
3.02,Morning,Low,Clear,5.5,7.1
4.88,Morning,Low,Clear,4.3,5.0
22.57,Afternoon,Low,Rainy,19.3,41.8
15.55,Afternoon,Medium,Clear,3.9,32.7
1.22,Evening,High,Clear,10.6,20.7
3.44,Evening,Low,Rainy,12.5,19.4
16.92,Afternoon,High,Clear,11.7,43.6
1.12,Morning,Low,Clear,3.5,5.0
4.86,Night,High,Clear,3.0,30.6
14.17,Afternoon,Medium,Clear,3.9,29.7
17.61,Afternoon,Medium,Clear,12.5,34.9
16.65,Morning,Low,Clear,11.8,31.5
6.38,Evening,High,Clear,6.2,26.8
18.09,Evening,Medium,Clear,13.5,41.8
6.69,Morning,Low,Clear,16.8,13.6
8.81,Morning,Medium,Clear,2.7,17.1
18.92,Evening,Low,Clear,11.0,35.9
16.59,Evening,High,Clear,14.4,45.2
21.38,Morning,Low,Clear,6.5,35.5
16.78,Night,Medium,Clear,7.5,38.6
14.64,Morning,Medium,Clear,13.0,25.4
3.25,Afternoon,Low,Clear,18.2,11.0
9.83,Night,Low,Clear,16.6,29.1
7.36,Afternoon,Low,Clear,12.5,15.9
6.86,Evening,Low,Rainy,15.1,26.1
24.35,Afternoon,Low,Clear,8.6,44.1
10.43,Morning,Medium,Clear,13.5,22.6
22.41,Night,Low,Clear,10.4,39.1
16.15,Afternoon,Low,Clear,5.4,27.4
20.08,Night,Medium,Clear,14.6,45.0
13.06,Morning,Low,Clear,12.0,20.3
14.85,Morning,High,Clear,8.5,36.3
12.82,Morning,High,Clear,18.4,38.2
5.69,Evening,Medium,Clear,2.4,18.2
18.34,Afternoon,Medium,Clear,7.7,37.7
7.74,Night,High,Clear,3.0,37.0
1.58,Afternoon,Low,Rainy,15.8,16.1
16.49,Night,Low,Clear,14.6,37.0
5.25,Morning,Low,Clear,8.0,8.7
23.57,Night,Medium,Clear,14.2,49.1
23.89,Evening,Low,Clear,9.1,40.8
22.96,Evening,Medium,Clear,15.6,46.7
9.88,Evening,High,Clear,10.2,35.0
1.37,Evening,High,Clear,9.4,27.9
23.28,Evening,Medium,Clear,18.8,47.4
11.28,Morning,Low,Clear,6.5,17.6
24.2,Morning,Medium,Clear,4.2,42.4
24.13,Night,Medium,Rainy,12.5,61.1
21.47,Evening,Low,Clear,19.4,42.8
8.07,Evening,Low,Clear,8.8,22.6
10.24,Afternoon,High,Clear,3.1,23.0
21.43,Morning,Medium,Clear,8.1,32.4
8.61,Morning,Medium,Clear,11.1,19.8
5.07,Evening,High,Clear,4.9,28.4
14.36,Afternoon,Medium,Clear,13.8,28.0
23.47,Morning,Medium,Clear,20.0,37.2
17.7,Afternoon,Low,Clear,10.1,33.3
14.68,Morning,Low,Clear,8.4,25.3
3.33,Afternoon,Low,Rainy,9.2,14.5
15.76,Morning,Medium,Clear,4.1,26.9
24.76,Evening,Medium,Clear,17.9,48.6
4.36,Afternoon,High,Clear,9.5,23.7
13.44,Afternoon,Low,Clear,9.0,23.0
22.06,Morning,Medium,Clear,13.9,43.7
18.78,Morning,Medium,Clear,10.0,27.6
17.73,Afternoon,Medium,Clear,13.7,35.1
17.86,Afternoon,Medium,Clear,3.1,31.3
9.63,Evening,Low,Clear,16.6,22.7
8.05,Morning,Medium,Clear,18.9,21.1
20.42,Evening,Low,Clear,13.7,41.1
20.44,Night,Low,Clear,19.2,37.8
21.81,Evening,Low,Clear,4.7,38.3
22.92,Morning,Medium,Clear,10.6,44.2
13.27,Afternoon,High,Clear,12.8,43.3
13.04,Morning,Medium,Clear,12.5,26.9
20.16,Morning,Medium,Clear,9.2,39.0
16.6,Night,Medium,Clear,8.1,33.9
17.85,Morning,Medium,Clear,4.3,25.9
20.1,Afternoon,Low,Clear,9.1,37.4
22.36,Evening,Low,Clear,4.9,39.0
9.11,Evening,Low,Clear,15.2,25.8
10.01,Afternoon,Low,Rainy,5.8,22.6
3.26,Morning,Low,Rainy,3.1,15.4
14.88,Afternoon,Low,Clear,11.9,33.5
1.86,Afternoon,Low,Clear,12.7,9.9
12.17,Morning,High,Clear,17.7,36.4
14.02,Afternoon,Low,Clear,12.4,26.8
7.88,Morning,Low,Rainy,8.2,17.6
15.18,Morning,Low,Clear,16.5,31.8
1.73,Afternoon,Medium,Clear,11.7,11.3
1.9,Morning,Low,Rainy,3.4,13.4
20.74,Afternoon,Low,Clear,12.2,32.1
9.64,Evening,Medium,Clear,18.3,25.4
4.05,Evening,Low,Rainy,9.1,25.1
13.53,Morning,Low,Clear,7.3,21.4
19.48,Morning,Low,Clear,4.6,35.0
6.18,Morning,Low,Clear,4.7,10.4
15.95,Evening,Low,Clear,9.8,25.3
3.05,Evening,Low,Clear,12.7,15.1
2.24,Morning,Medium,Clear,3.5,7.6
13.75,Night,Medium,Rainy,18.9,48.4
13.98,Morning,Medium,Clear,15.6,30.7
16.3,Afternoon,Low,Clear,12.6,25.6
18.43,Evening,High,Clear,16.9,49.2
24.42,Night,Low,Clear,3.4,51.2
13.39,Evening,Low,Clear,10.6,28.7
8.75,Evening,Medium,Clear,13.3,25.9
20.08,Afternoon,Low,Clear,16.9,40.4
7.5,Evening,Low,Clear,16.1,20.7
11.54,Morning,Medium,Clear,7.0,25.0
2.88,Night,High,Clear,18.9,25.7
1.61,Afternoon,Low,Clear,4.2,6.4
24.1,Evening,Medium,Clear,17.8,53.6
21.06,Afternoon,High,Clear,19.5,48.9
17.7,Evening,Low,Clear,5.2,36.4
10.81,Afternoon,Low,Clear,15.0,22.4
5.16,Evening,Low,Clear,2.7,9.9
4.75,Morning,Low,Clear,9.3,12.9
7.01,Morning,Low,Clear,11.3,13.0
14.18,Morning,High,Clear,12.5,39.3
18.15,Morning,Medium,Clear,18.8,37.0
16.84,Night,Medium,Clear,14.1,41.3
7.72,Morning,Low,Clear,10.7,16.3
23.92,Night,Medium,Clear,16.6,53.7
18.71,Afternoon,High,Clear,19.1,41.8
14.3,Morning,Medium,Clear,2.4,23.8
15.68,Evening,Low,Clear,19.7,36.2
11.07,Evening,Medium,Clear,3.6,26.3
6.95,Afternoon,Low,Clear,16.7,15.9
9.54,Afternoon,Low,Clear,7.0,14.3
19.19,Evening,Low,Clear,4.4,30.9
1.35,Morning,Medium,Clear,9.9,5.0
3.79,Night,Medium,Clear,13.6,21.5
2.1,Night,Low,Rainy,8.9,19.0
1.98,Evening,Low,Clear,3.0,5.0
21.53,Morning,Low,Rainy,12.8,43.9
17.89,Evening,Low,Clear,18.2,37.4
12.38,Morning,Low,Clear,8.9,27.5
3.35,Morning,Low,Clear,5.9,5.0
12.8,Morning,Medium,Rainy,10.0,38.7
12.36,Afternoon,Low,Clear,2.9,24.3
5.16,Night,Low,Clear,16.8,17.4
11.41,Evening,Low,Clear,16.9,26.8
10.56,Evening,High,Clear,12.6,34.2
15.78,Afternoon,Medium,Clear,8.4,33.7
16.24,Afternoon,Medium,Clear,16.4,40.8
2.09,Afternoon,Low,Clear,12.0,10.6
9.99,Night,Medium,Clear,16.9,33.6
16.02,Morning,Low,Clear,13.4,26.8
13.08,Night,Medium,Clear,16.1,32.0
21.56,Afternoon,High,Clear,12.8,49.6
16.81,Afternoon,Medium,Rainy,9.5,46.7
4.91,Evening,High,Clear,19.2,24.5
2.69,Afternoon,Medium,Clear,11.7,11.4
16.42,Night,Low,Clear,12.9,35.9
1.64,Night,High,Clear,6.0,20.3
15.06,Afternoon,Low,Clear,13.3,26.2
23.57,Morning,Medium,Clear,12.3,42.8
14.81,Afternoon,Low,Clear,5.3,21.7
10.32,Night,Low,Clear,3.1,20.5
16.44,Morning,Low,Clear,12.9,30.6
12.0,Evening,Low,Clear,15.7,22.8
14.09,Evening,Low,Clear,11.4,23.8
23.6,Evening,Medium,Rainy,6.1,52.3
10.27,Morning,Low,Clear,14.0,21.8
24.07,Evening,Low,Clear,3.4,40.5
22.73,Night,Medium,Clear,10.0,47.7
5.7,Morning,Low,Clear,4.9,10.2
2.66,Morning,Medium,Clear,5.3,5.3
3.42,Night,Medium,Clear,5.6,20.3
1.44,Morning,Medium,Clear,9.0,11.0
3.27,Night,Medium,Clear,2.9,16.5
17.39,Afternoon,Low,Clear,9.2,33.9
2.71,Morning,Medium,Clear,11.2,9.0
8.66,Night,Low,Clear,10.7,26.6
21.28,Afternoon,Low,Clear,8.9,37.1
1.56,Afternoon,Medium,Clear,17.1,13.5
20.55,Afternoon,Low,Clear,4.6,34.1
7.76,Afternoon,Medium,Clear,11.1,21.6
3.84,Morning,Medium,Clear,3.1,15.4
17.72,Afternoon,High,Clear,3.3,38.3
16.09,Night,High,Clear,12.3,44.5
22.06,Morning,Low,Clear,12.2,39.9
18.64,Evening,Low,Clear,17.8,35.5
20.28,Afternoon,Medium,Rainy,12.0,51.7
7.77,Evening,Low,Clear,19.3,26.5
5.26,Morning,Medium,Clear,2.9,12.6
19.01,Night,Medium,Clear,3.8,43.7
20.36,Afternoon,Medium,Clear,2.8,34.9
24.77,Morning,Low,Clear,5.3,41.0
10.9,Morning,Low,Rainy,11.7,28.5
9.93,Morning,Low,Rainy,13.6,28.4
19.63,Afternoon,Low,Clear,2.8,30.3
9.18,Afternoon,High,Rainy,19.0,36.5
23.34,Evening,Low,Rainy,17.2,53.7
21.6,Afternoon,Low,Clear,7.3,30.4
11.3,Morning,Low,Clear,3.4,17.0
19.02,Evening,Medium,Clear,5.1,41.9
19.11,Evening,Medium,Clear,4.3,39.5
3.47,Morning,Low,Clear,4.2,12.3
22.66,Morning,Low,Clear,11.3,40.5
13.13,Morning,Low,Rainy,6.4,27.7
20.83,Evening,Low,Clear,8.4,37.8
8.68,Evening,Medium,Clear,19.8,27.8
22.49,Afternoon,Medium,Clear,14.3,40.3
10.34,Evening,Low,Rainy,19.1,30.4
1.26,Evening,Low,Rainy,4.6,13.6
22.73,Afternoon,High,Clear,8.9,44.7
3.19,Night,Low,Clear,12.0,15.5
8.66,Morning,Medium,Clear,3.4,18.3
23.8,Morning,Low,Clear,2.1,31.3
23.81,Morning,Low,Clear,14.1,41.2
14.76,Morning,Low,Clear,13.6,28.4
16.16,Afternoon,Medium,Clear,9.4,34.7
11.76,Night,High,Clear,10.8,38.9
8.04,Morning,Low,Clear,9.5,16.7
8.89,Morning,Low,Clear,2.4,16.1
17.14,Afternoon,Low,Clear,8.0,31.0
19.06,Night,Low,Clear,5.2,34.7
20.0,Afternoon,Low,Clear,3.8,34.0
19.95,Afternoon,Low,Clear,19.2,41.3
3.19,Morning,Medium,Clear,12.8,11.8
12.87,Morning,Low,Clear,15.1,30.1
2.38,Night,Low,Clear,7.7,11.3
14.19,Night,High,Clear,9.1,43.1
11.6,Morning,Low,Clear,6.3,17.3
22.3,Night,High,Clear,3.7,54.2
9.42,Evening,Low,Rainy,5.2,22.5
3.81,Night,High,Clear,16.4,28.0
4.43,Afternoon,Medium,Clear,14.2,14.6
19.28,Afternoon,Medium,Rainy,11.8,47.9
15.84,Afternoon,High,Clear,10.6,43.9
3.43,Evening,Low,Clear,18.6,16.7
3.02,Morning,High,Clear,3.3,10.4
17.82,Morning,Low,Clear,7.1,35.0
2.75,Afternoon,Low,Clear,8.3,9.5
20.72,Evening,Low,Clear,16.1,37.6
17.95,Morning,Medium,Rainy,19.9,46.4
2.95,Evening,Low,Rainy,6.3,18.8
3.04,Night,Medium,Clear,17.7,19.9
24.68,Morning,Medium,Clear,17.0,47.7
9.98,Evening,Medium,Clear,6.0,23.9
9.9,Afternoon,Medium,Rainy,9.2,31.4
20.51,Night,Low,Rainy,9.4,46.5
23.73,Morning,Low,Clear,19.6,37.2
24.66,Evening,Low,Clear,5.3,43.0
19.08,Evening,Low,Clear,16.4,39.3
10.03,Night,Low,Clear,8.0,26.0
3.0,Evening,Low,Clear,15.2,15.5
19.65,Afternoon,Low,Clear,9.6,35.3
14.4,Evening,High,Clear,12.4,39.7
11.18,Night,Medium,Clear,17.0,36.4
22.75,Afternoon,Low,Clear,16.5,37.0
3.67,Morning,Medium,Rainy,17.6,21.1
12.82,Night,Low,Clear,3.1,24.3
1.27,Evening,Low,Clear,14.5,13.5
12.25,Evening,Medium,Clear,4.5,31.6
2.35,Morning,Low,Clear,9.5,7.8
3.85,Evening,Low,Clear,11.9,16.6
3.82,Afternoon,High,Clear,9.2,19.9
16.58,Evening,High,Clear,11.4,45.3
18.91,Morning,Medium,Clear,19.9,39.0
15.0,Evening,Medium,Clear,4.4,35.4
24.09,Night,Medium,Clear,14.2,52.0
10.0,Morning,Low,Clear,9.1,16.6
7.86,Night,Low,Clear,4.4,21.7
21.85,Afternoon,Low,Clear,4.9,38.9
6.37,Night,Low,Clear,19.1,20.3
24.12,Evening,Medium,Clear,17.8,50.3
1.29,Afternoon,Low,Clear,18.3,6.2
24.28,Evening,High,Clear,19.8,50.9
2.04,Night,High,Clear,5.7,24.4
22.39,Afternoon,Medium,Clear,8.4,44.9
13.66,Afternoon,Medium,Clear,14.0,32.5
24.83,Evening,High,Clear,10.7,50.6
2.77,Evening,Low,Rainy,9.5,18.0
14.29,Evening,Medium,Clear,8.4,26.3
24.26,Evening,Low,Clear,12.7,48.3
13.55,Afternoon,Medium,Clear,12.4,27.8
16.11,Evening,Low,Clear,4.9,33.4
17.7,Morning,High,Clear,10.5,44.5
11.91,Afternoon,High,Clear,12.0,32.8
16.06,Morning,Low,Rainy,12.3,32.4
15.02,Afternoon,Low,Clear,5.8,27.3
22.63,Afternoon,High,Clear,15.4,50.0
2.09,Afternoon,Low,Clear,2.5,6.2
7.74,Evening,High,Clear,8.4,28.7
23.81,Afternoon,Medium,Clear,16.0,42.2
22.37,Afternoon,Low,Clear,12.2,32.5
11.94,Morning,Low,Clear,6.7,20.6
15.88,Afternoon,Low,Clear,14.5,28.5
7.66,Morning,Medium,Rainy,12.2,26.5
5.51,Morning,Low,Rainy,16.3,23.2
12.13,Evening,Medium,Clear,15.2,35.3
9.48,Evening,Low,Clear,13.0,21.3
15.01,Evening,Medium,Rainy,10.8,41.7
2.87,Afternoon,High,Rainy,4.4,29.1
24.39,Afternoon,High,Clear,6.7,48.5
24.67,Night,Low,Clear,9.5,47.5
17.76,Afternoon,Medium,Clear,12.8,39.1
13.87,Afternoon,Medium,Clear,11.2,33.2
8.43,Morning,Medium,Rainy,7.2,22.0
20.53,Afternoon,High,Clear,2.1,43.1
17.43,Afternoon,Low,Rainy,10.9,36.8
4.9,Afternoon,Low,Clear,7.1,11.8
22.86,Afternoon,High,Rainy,15.2,62.3
20.74,Afternoon,Low,Clear,2.4,38.3
23.8,Evening,Medium,Clear,12.5,47.0
18.42,Evening,High,Clear,18.9,47.8
15.72,Evening,Low,Clear,5.1,32.6
11.04,Evening,High,Clear,10.5,36.6
23.39,Night,Low,Rainy,3.6,55.0
21.79,Morning,Medium,Clear,13.3,42.5
2.09,Morning,Medium,Rainy,11.9,16.2
1.63,Morning,High,Rainy,9.3,21.2
10.04,Evening,Low,Clear,11.4,17.8
20.45,Night,Low,Clear,18.1,45.1
24.69,Morning,Medium,Clear,5.5,47.3
4.61,Night,Medium,Clear,2.4,25.2
15.26,Morning,Medium,Clear,17.5,35.7
10.14,Night,Low,Clear,12.4,29.4
24.28,Afternoon,Low,Clear,18.0,42.1
21.21,Morning,Low,Clear,12.7,32.2
21.12,Afternoon,Medium,Clear,16.6,46.2
12.25,Morning,Low,Clear,9.7,22.5
10.96,Morning,Low,Rainy,15.5,29.4
7.56,Afternoon,High,Clear,18.4,32.0
2.35,Evening,Low,Rainy,12.3,20.2
21.75,Afternoon,High,Clear,5.3,52.1
20.51,Afternoon,Medium,Clear,6.8,43.7
24.99,Evening,Medium,Clear,5.6,49.8
24.92,Evening,Low,Clear,6.4,45.8
14.33,Morning,Low,Clear,7.5,25.3
19.46,Afternoon,Medium,Clear,12.0,38.4
23.67,Morning,Medium,Clear,12.6,46.6
21.39,Morning,Medium,Clear,9.7,35.8
6.94,Evening,Low,Clear,13.1,21.5
11.81,Morning,Medium,Clear,3.5,20.2
4.1,Afternoon,Medium,Clear,3.6,15.1
23.9,Evening,Medium,Clear,5.1,43.8
15.55,Morning,Medium,Clear,11.3,33.4
6.49,Afternoon,Medium,Clear,5.9,18.4
17.12,Morning,Medium,Clear,7.1,28.0
15.84,Night,Low,Rainy,9.2,42.8
9.6,Afternoon,Low,Clear,16.6,19.6
3.73,Evening,Low,Clear,2.2,12.9
17.12,Afternoon,Low,Clear,13.7,31.8
13.49,Morning,Low,Clear,14.0,25.6
19.54,Evening,Low,Clear,16.4,35.4
13.48,Night,Low,Clear,18.8,31.1
21.45,Evening,Low,Clear,2.4,35.5
14.25,Evening,Medium,Clear,4.8,34.4
14.46,Night,High,Clear,18.0,51.1
22.04,Morning,Low,Clear,10.3,33.7
10.68,Morning,High,Clear,12.2,34.9
4.22,Evening,Medium,Clear,13.9,13.0
1.69,Afternoon,Low,Clear,14.2,5.2
19.12,Evening,Low,Clear,18.8,35.4
15.89,Night,Medium,Clear,19.9,37.7
17.9,Afternoon,Medium,Clear,15.0,33.6
6.11,Morning,Medium,Clear,7.2,17.6
4.27,Evening,Low,Clear,17.8,15.1
1.35,Morning,Low,Clear,2.9,5.0
9.41,Evening,Low,Clear,6.2,22.0
15.16,Afternoon,Low,Clear,18.2,31.0
10.41,Evening,Low,Clear,6.6,23.6
11.5,Morning,Low,Clear,6.0,18.8
22.7,Evening,Medium,Clear,4.5,40.8
9.36,Afternoon,High,Rainy,17.5,44.5
13.34,Afternoon,Low,Clear,11.0,23.5
19.81,Morning,High,Clear,14.1,43.1
10.52,Evening,Low,Clear,6.3,21.1
15.93,Night,Low,Rainy,15.6,40.8
21.7,Morning,Low,Rainy,15.7,44.0
23.79,Morning,Medium,Clear,7.6,44.0
4.53,Morning,High,Clear,9.4,22.7
23.24,Evening,Medium,Clear,5.8,42.9
12.81,Evening,Low,Clear,19.6,27.6
7.2,Afternoon,Medium,Clear,13.6,25.1
12.02,Morning,Low,Clear,18.8,25.2
24.52,Afternoon,High,Clear,7.5,59.3
12.82,Afternoon,Medium,Clear,16.1,34.6
8.89,Afternoon,Low,Rainy,15.8,31.5
16.2,Night,Medium,Clear,14.4,36.5
6.76,Morning,Medium,Clear,19.4,23.3
2.82,Evening,Low,Clear,9.1,10.8
4.09,Afternoon,Medium,Clear,4.4,12.8
4.07,Afternoon,Low,Clear,14.1,12.8
4.65,Evening,Medium,Clear,15.1,23.3
4.33,Evening,Medium,Rainy,12.4,28.7
16.38,Night,Medium,Clear,5.7,35.6
5.37,Morning,Medium,Clear,11.1,18.6
9.3,Morning,Medium,Clear,7.6,19.3
22.52,Evening,Low,Clear,9.7,41.3
12.38,Afternoon,Medium,Clear,13.6,28.7
17.02,Morning,Low,Clear,15.4,29.5
5.14,Morning,Low,Clear,6.2,11.9
5.61,Morning,Low,Clear,9.3,8.1
1.98,Night,Low,Clear,6.8,17.8
5.05,Morning,Medium,Clear,5.6,8.8
7.69,Afternoon,Low,Clear,16.1,16.6
5.25,Morning,Medium,Clear,18.4,19.5
3.13,Afternoon,Low,Clear,8.7,11.1
3.9,Morning,Low,Clear,15.5,10.2
12.06,Afternoon,Medium,Clear,18.1,30.3
5.95,Morning,Low,Clear,17.2,15.3
9.74,Evening,Low,Clear,5.3,19.5
13.08,Morning,Medium,Rainy,19.2,42.6
17.57,Afternoon,Low,Rainy,8.8,41.5
1.94,Night,Medium,Clear,8.1,20.0
20.19,Evening,Low,Clear,3.1,32.3
16.07,Afternoon,Low,Clear,10.8,29.1
2.96,Afternoon,Medium,Clear,4.0,11.7
21.97,Afternoon,Low,Clear,6.5,33.9
23.1,Evening,Low,Clear,7.7,42.0
2.47,Night,Low,Clear,16.6,14.1
7.65,Evening,Low,Clear,17.8,22.8
20.35,Afternoon,Medium,Clear,7.4,36.5
18.96,Evening,Low,Clear,17.5,42.8
5.43,Afternoon,Medium,Clear,17.4,17.7
6.02,Morning,High,Clear,15.8,26.4
9.89,Afternoon,Low,Clear,4.6,20.6
12.63,Night,High,Rainy,14.4,48.6
15.84,Morning,Low,Clear,19.0,32.0
9.85,Evening,High,Clear,14.3,31.4
12.1,Morning,Low,Clear,8.0,24.9
18.94,Afternoon,Medium,Rainy,11.0,46.8
1.88,Morning,Low,Clear,13.6,5.1
7.06,Afternoon,Low,Clear,11.2,15.1
18.12,Evening,Medium,Clear,4.2,39.9
22.48,Afternoon,Medium,Clear,7.6,41.2
13.28,Evening,Low,Clear,16.4,26.6
13.77,Evening,Low,Clear,17.5,29.2
3.57,Night,Medium,Clear,4.5,15.2
11.74,Morning,Medium,Clear,19.1,33.8
13.78,Afternoon,High,Rainy,7.9,43.3
6.82,Morning,Medium,Clear,13.9,21.9
7.46,Night,High,Clear,15.5,35.5
10.05,Night,Medium,Clear,16.6,29.1
1.48,Afternoon,Low,Clear,19.0,9.9
8.73,Evening,Low,Rainy,7.6,29.7
6.07,Afternoon,Medium,Clear,17.5,20.8
8.86,Evening,Medium,Clear,4.4,27.2
3.87,Morning,Low,Clear,14.7,13.3
22.37,Evening,Low,Clear,15.4,44.9
15.25,Morning,High,Clear,14.2,37.8
17.3,Evening,Medium,Clear,6.5,33.7
19.94,Evening,Low,Clear,17.7,37.4
12.96,Evening,Low,Rainy,5.0,33.5
3.09,Morning,Low,Clear,3.0,7.2
13.89,Afternoon,Low,Clear,14.9,20.8
15.08,Morning,Low,Clear,10.6,25.8
18.89,Afternoon,Low,Clear,17.3,36.0
11.36,Morning,Medium,Clear,8.9,23.9
4.06,Night,Low,Clear,5.0,18.5
7.81,Afternoon,Medium,Clear,17.1,25.1
9.71,Afternoon,High,Clear,11.9,36.1
16.5,Afternoon,Low,Clear,5.4,27.7
14.7,Afternoon,Medium,Rainy,15.0,44.4
9.55,Evening,Low,Clear,11.2,26.6
24.68,Afternoon,High,Clear,12.9,58.8
15.54,Night,Low,Clear,10.3,30.1
6.69,Afternoon,Medium,Clear,16.9,21.3
3.44,Night,Medium,Clear,16.9,21.2
4.67,Night,Low,Clear,14.8,19.9
6.9,Morning,Low,Clear,3.9,13.6
4.86,Night,Medium,Clear,17.1,21.9
5.48,Morning,Medium,Clear,14.1,17.7
7.84,Evening,Low,Clear,14.5,14.1
5.16,Afternoon,Medium,Clear,8.5,21.6
22.52,Night,Low,Clear,17.8,44.6
2.93,Night,Medium,Clear,15.1,21.1
13.59,Evening,Low,Clear,4.0,24.7
10.85,Evening,High,Clear,9.3,38.5
24.58,Afternoon,Low,Clear,18.0,35.8
3.69,Morning,Low,Clear,2.8,6.3
10.55,Afternoon,Low,Clear,19.3,23.3
24.27,Morning,Low,Clear,14.2,39.3
21.77,Evening,Medium,Clear,13.4,50.9
20.61,Afternoon,Low,Clear,6.9,32.3
7.19,Night,Medium,Clear,6.5,27.1
5.1,Evening,Low,Clear,19.0,18.4
17.05,Evening,Low,Clear,7.4,35.6
23.31,Morning,Low,Clear,16.0,37.8
14.36,Night,Low,Clear,9.1,29.1
14.72,Night,Low,Rainy,4.5,41.7
7.72,Afternoon,Low,Clear,2.2,15.5
19.47,Evening,Low,Clear,11.8,32.1
5.49,Evening,Low,Clear,19.6,16.5
8.77,Morning,Medium,Clear,8.6,21.9
11.21,Afternoon,Medium,Clear,8.4,28.8
13.18,Afternoon,Low,Clear,8.2,22.2
6.82,Morning,Low,Clear,11.4,5.0
3.76,Afternoon,High,Clear,9.9,24.2
15.65,Morning,Medium,Clear,17.8,30.2
7.93,Morning,Medium,Rainy,11.1,22.2
14.95,Morning,Low,Clear,11.1,17.3
4.7,Night,Medium,Rainy,4.5,30.8
12.55,Afternoon,Medium,Clear,19.7,32.1
13.78,Night,Medium,Clear,6.5,33.9
2.24,Afternoon,High,Clear,3.3,22.5
9.08,Afternoon,Low,Clear,13.9,21.7
4.23,Afternoon,Low,Clear,12.7,17.0
2.52,Afternoon,Medium,Rainy,9.5,17.5
24.76,Morning,Medium,Rainy,9.6,52.9
8.74,Evening,Low,Clear,16.1,17.1
20.44,Morning,Low,Clear,5.5,31.6
7.11,Evening,Low,Clear,16.8,19.0
17.36,Evening,Low,Rainy,13.7,44.0
19.25,Morning,Medium,Clear,9.5,36.9
15.3,Morning,Medium,Clear,10.2,32.9
12.32,Evening,Low,Clear,6.6,26.6
10.88,Afternoon,Low,Clear,15.5,29.4
9.37,Morning,Low,Rainy,11.2,24.5
23.31,Night,Low,Clear,7.8,41.5
20.93,Morning,Medium,Clear,12.7,40.9
24.16,Evening,High,Clear,19.9,55.8
3.98,Night,Medium,Clear,9.8,25.4
18.54,Morning,Low,Clear,18.6,32.5
23.52,Morning,High,Clear,8.2,48.0
5.35,Morning,Medium,Clear,3.0,12.5
2.6,Afternoon,Medium,Rainy,5.7,22.8
18.79,Morning,Low,Clear,9.5,30.6
14.79,Evening,Low,Clear,6.0,26.1
21.2,Morning,Low,Rainy,2.0,45.4
4.35,Afternoon,Low,Clear,18.5,11.5
20.09,Night,Low,Clear,17.2,42.4
5.84,Evening,Low,Clear,15.4,19.3
4.93,Evening,Low,Clear,5.0,8.0
4.94,Afternoon,Medium,Clear,4.2,17.1
20.55,Evening,Low,Rainy,3.2,40.6
16.96,Afternoon,Low,Clear,15.0,34.4
13.55,Afternoon,High,Clear,18.7,37.0
9.61,Morning,High,Clear,9.7,31.4
22.05,Night,Medium,Clear,4.1,49.6
10.42,Afternoon,High,Clear,11.2,35.6
20.6,Morning,Medium,Clear,8.3,39.1
11.54,Afternoon,High,Clear,8.7,33.2
10.05,Afternoon,Low,Clear,13.2,19.3
12.1,Evening,Low,Rainy,14.9,39.0
8.23,Evening,Low,Clear,4.0,15.4
18.94,Evening,Low,Clear,2.6,30.1
13.07,Morning,Low,Clear,19.9,27.6
6.57,Afternoon,Medium,Clear,6.2,16.3
22.59,Afternoon,Medium,Clear,3.0,38.9
10.21,Morning,Medium,Clear,5.4,17.6
14.05,Morning,Low,Clear,2.7,20.4
22.76,Evening,Medium,Clear,9.1,45.6
15.98,Morning,Medium,Rainy,16.4,42.6
3.81,Afternoon,Low,Rainy,8.1,21.0
23.56,Morning,Medium,Rainy,10.0,52.9
16.06,Morning,Low,Clear,14.2,27.8
9.04,Morning,Low,Clear,11.2,16.3
4.34,Night,High,Clear,17.5,32.3
20.06,Evening,Low,Clear,17.6,43.2
15.88,Night,Low,Clear,2.2,31.9
13.8,Afternoon,High,Clear,16.0,38.1
22.45,Morning,Medium,Clear,10.3,38.8
19.93,Afternoon,Low,Clear,19.8,33.5
4.64,Afternoon,Low,Clear,10.7,14.2
8.48,Evening,Low,Clear,19.8,24.4
6.96,Morning,Medium,Clear,15.6,21.9
18.85,Afternoon,Low,Clear,6.5,31.8
1.8,Morning,Low,Clear,11.7,10.4
14.68,Afternoon,High,Clear,19.9,40.5
19.3,Evening,Medium,Clear,17.4,46.0
22.04,Afternoon,Low,Clear,3.8,36.1
9.21,Afternoon,Medium,Clear,14.7,23.4
20.71,Afternoon,Medium,Clear,8.2,42.3
3.66,Afternoon,Low,Clear,2.1,9.3
21.31,Evening,Low,Rainy,9.3,47.8
4.06,Night,Medium,Clear,6.2,20.2
10.53,Night,Low,Clear,16.7,27.7
20.14,Evening,Medium,Clear,8.1,48.8
4.6,Afternoon,Low,Rainy,16.9,25.5
6.5,Evening,Low,Clear,2.0,16.5
18.33,Afternoon,Low,Clear,7.5,32.1
18.28,Morning,Low,Clear,6.3,32.3
16.39,Evening,Low,Rainy,6.2,40.0
17.65,Morning,Low,Clear,3.2,27.5
14.03,Night,Medium,Clear,5.4,33.8
7.04,Afternoon,High,Clear,12.0,27.9
9.3,Evening,Medium,Clear,7.2,15.6
5.36,Evening,High,Clear,9.5,27.5
22.8,Night,Low,Clear,8.8,42.4
15.0,Evening,High,Clear,17.8,48.6
10.62,Evening,Low,Clear,18.3,25.5
12.09,Morning,High,Clear,10.9,29.8
23.73,Afternoon,High,Rainy,7.9,59.8
4.68,Morning,Medium,Clear,3.9,10.1
15.07,Evening,High,Clear,19.2,45.8
13.14,Afternoon,Medium,Clear,3.1,28.5
15.67,Evening,Low,Clear,7.4,32.6
1.43,Morning,Low,Clear,7.4,5.0
21.93,Morning,Medium,Clear,7.8,40.3
23.37,Evening,Low,Clear,5.0,36.5
14.56,Morning,Medium,Clear,16.1,33.8
17.72,Morning,High,Clear,4.2,41.4
23.14,Morning,Low,Clear,13.4,40.2
17.97,Night,Medium,Clear,4.2,40.2
4.66,Evening,High,Rainy,3.3,33.2
14.83,Afternoon,High,Clear,18.4,46.6
15.56,Morning,High,Rainy,5.4,44.1
11.18,Afternoon,Medium,Clear,16.8,29.2
18.67,Evening,High,Rainy,11.8,52.3
23.42,Evening,Medium,Clear,3.4,42.5
23.21,Morning,Low,Clear,19.2,40.9
11.82,Morning,Low,Clear,6.4,23.0
3.72,Morning,Medium,Clear,17.5,15.1
24.64,Evening,Low,Clear,5.0,41.8
21.13,Evening,Medium,Clear,17.4,44.7
3.99,Morning,Medium,Clear,2.2,10.0
23.1,Morning,Low,Clear,11.2,38.9
21.88,Morning,Medium,Clear,15.8,38.1
13.45,Night,Medium,Clear,18.8,41.7
15.19,Morning,Low,Clear,18.4,26.3
10.58,Evening,Low,Clear,16.8,27.1
2.31,Evening,Low,Clear,18.0,9.1
9.04,Afternoon,Low,Clear,5.6,19.2
20.27,Morning,High,Clear,7.1,46.6
1.11,Morning,Low,Clear,7.2,5.0
9.0,Evening,Medium,Clear,8.8,22.2
10.56,Evening,Low,Clear,9.1,23.3
13.9,Evening,Low,Clear,11.8,24.8
23.08,Afternoon,Medium,Clear,4.9,42.3
9.31,Morning,Medium,Clear,14.4,26.4
9.33,Night,Low,Clear,5.0,24.9
18.7,Evening,Low,Clear,7.6,34.4
11.85,Morning,Low,Clear,11.1,18.2
6.39,Night,Low,Clear,16.3,23.4
11.86,Evening,Medium,Clear,15.3,31.4
4.38,Afternoon,Low,Clear,13.6,5.7
5.23,Evening,Low,Clear,4.8,15.6
12.96,Evening,Low,Clear,11.8,26.9
11.05,Evening,High,Clear,3.6,37.3
22.96,Morning,High,Rainy,8.8,53.8
9.7,Afternoon,Low,Clear,9.4,9.8
14.93,Night,Medium,Rainy,2.7,44.0
16.17,Morning,Low,Clear,6.9,27.2
1.31,Afternoon,Low,Clear,19.2,5.0
16.92,Afternoon,Medium,Clear,19.2,35.2
5.27,Afternoon,High,Clear,8.3,32.7
24.07,Evening,High,Clear,2.8,52.0
4.57,Night,Medium,Clear,5.2,22.6
10.95,Morning,Low,Clear,9.1,17.2
3.05,Morning,Medium,Rainy,19.1,17.0
24.92,Morning,Low,Clear,4.5,38.2
13.05,Night,Medium,Clear,15.7,35.5
15.29,Evening,Low,Clear,4.0,26.9
2.61,Morning,Medium,Clear,19.7,14.5
19.0,Evening,Low,Clear,8.9,36.0
6.04,Night,Low,Clear,16.0,20.4
22.55,Evening,High,Rainy,8.2,56.5
5.92,Night,Low,Clear,13.3,21.3
5.58,Morning,Medium,Clear,5.5,9.2
1.88,Evening,Low,Clear,4.6,5.0
12.33,Afternoon,Low,Clear,18.9,28.4
14.56,Evening,Low,Clear,18.5,32.9
2.58,Evening,Low,Clear,18.0,13.1
19.61,Evening,High,Clear,13.3,45.2
11.88,Evening,Low,Clear,16.5,24.6
13.59,Morning,High,Clear,3.2,32.6
11.58,Afternoon,Medium,Clear,8.0,22.0
10.62,Night,Low,Clear,7.6,23.0
14.43,Night,Medium,Clear,13.4,39.6
4.73,Morning,Medium,Clear,8.4,18.9
5.37,Morning,Medium,Clear,4.7,13.2
21.68,Morning,Low,Clear,12.7,38.6
23.71,Evening,Low,Clear,16.7,38.8
9.96,Evening,High,Clear,8.9,35.6
7.5,Morning,High,Clear,4.4,22.2
16.46,Afternoon,High,Clear,5.5,41.3
10.81,Evening,Low,Clear,6.3,21.4
1.61,Evening,Medium,Clear,7.4,17.6
4.75,Afternoon,Low,Clear,13.6,10.6
18.18,Afternoon,Low,Clear,12.8,35.0
16.81,Afternoon,Low,Rainy,14.5,38.7
1.65,Morning,Medium,Clear,8.5,9.6
6.33,Afternoon,Low,Clear,16.8,16.0
6.55,Evening,Low,Clear,5.7,13.0
17.13,Night,High,Clear,10.4,47.8
1.47,Evening,Low,Rainy,16.4,18.9
3.5,Evening,Low,Clear,5.2,11.5
20.2,Morning,Low,Rainy,4.0,39.8
5.29,Afternoon,High,Rainy,17.9,37.7
16.67,Morning,Medium,Rainy,8.2,43.2
6.72,Morning,Low,Clear,14.3,11.2
3.39,Evening,Medium,Clear,2.5,17.4
6.84,Night,Medium,Clear,14.4,23.0
18.33,Morning,Low,Clear,7.7,31.6
21.54,Afternoon,Medium,Clear,3.0,42.1
20.93,Evening,Medium,Clear,13.0,38.6
10.53,Morning,Medium,Clear,6.3,23.0
17.03,Afternoon,Low,Clear,9.0,28.8
5.92,Evening,High,Clear,3.5,23.7
8.04,Evening,Medium,Clear,4.6,26.5
22.51,Morning,Low,Clear,7.4,34.0
1.31,Afternoon,Low,Clear,3.6,5.0
3.05,Evening,Low,Clear,18.4,14.3
5.99,Afternoon,Low,Clear,2.1,13.7
1.64,Morning,Medium,Clear,10.7,10.2
5.35,Evening,Low,Rainy,4.2,24.8
14.99,Morning,Low,Clear,7.5,26.3
11.11,Evening,Medium,Clear,18.7,24.7
22.42,Morning,Low,Clear,4.9,33.5
20.62,Night,High,Clear,19.4,54.1
9.2,Afternoon,Low,Clear,5.7,18.9
7.23,Afternoon,Low,Clear,15.3,9.6
10.11,Morning,Low,Clear,11.8,26.4
15.17,Afternoon,Low,Clear,17.9,31.7
7.43,Night,Low,Clear,12.0,22.2
15.98,Night,Medium,Clear,11.6,43.0
10.83,Afternoon,High,Rainy,5.5,46.9
14.25,Afternoon,Low,Rainy,5.0,35.5
11.47,Evening,Medium,Clear,18.5,34.6
8.07,Night,Medium,Clear,7.9,26.9
23.76,Afternoon,Medium,Clear,8.7,44.8
19.33,Afternoon,Low,Clear,15.7,34.3
4.36,Afternoon,Low,Clear,8.1,8.5
21.84,Evening,Low,Rainy,19.1,48.4
12.7,Morning,Medium,Clear,15.3,24.6
22.47,Evening,Medium,Clear,12.8,46.3
20.2,Afternoon,Low,Clear,17.9,32.6
11.21,Evening,Low,Rainy,2.9,30.3
1.54,Morning,High,Clear,6.6,16.2
7.45,Afternoon,Medium,Clear,10.4,21.7
14.0,Afternoon,High,Clear,6.1,35.3
16.2,Evening,Medium,Clear,15.4,47.2
7.19,Morning,Low,Clear,18.5,20.4
4.34,Afternoon,Medium,Rainy,9.6,20.7
21.04,Afternoon,Medium,Clear,8.2,41.7
24.63,Afternoon,Low,Clear,19.3,42.9
13.62,Evening,Medium,Clear,10.0,29.4
5.12,Evening,Medium,Clear,10.8,15.9
7.54,Evening,Low,Clear,8.3,19.1
1.44,Morning,Medium,Clear,18.4,10.6
22.94,Evening,Medium,Clear,12.2,50.0
3.83,Afternoon,High,Clear,15.7,27.4
14.84,Morning,Low,Clear,16.6,31.4
7.58,Morning,Low,Clear,8.2,11.3
14.3,Afternoon,Medium,Rainy,9.8,40.8
16.63,Evening,Low,Clear,17.3,36.0
20.91,Evening,Medium,Clear,8.5,41.5
5.95,Evening,Medium,Clear,16.3,20.5
1.26,Afternoon,Low,Clear,18.9,14.4
4.29,Afternoon,Medium,Clear,13.2,18.1
22.6,Morning,Medium,Clear,15.3,45.4
21.97,Afternoon,Low,Clear,16.5,37.4
15.34,Afternoon,High,Clear,17.2,38.5
15.41,Morning,Medium,Clear,9.1,29.1
16.96,Morning,Medium,Clear,2.9,30.9
5.21,Afternoon,Medium,Rainy,9.2,22.4
22.95,Evening,Low,Clear,14.1,42.6
11.05,Night,High,Clear,10.1,33.5
10.2,Night,Medium,Rainy,15.5,36.6
13.45,Evening,Medium,Rainy,8.4,41.7
2.13,Afternoon,High,Clear,13.4,23.0
4.99,Evening,Low,Clear,5.4,11.9
18.71,Evening,Medium,Clear,15.5,38.7
2.99,Morning,Low,Clear,11.8,5.0
15.48,Afternoon,Low,Clear,5.7,25.8
6.89,Evening,Low,Clear,7.3,18.5
10.34,Afternoon,High,Clear,15.5,36.9
7.93,Afternoon,High,Clear,10.7,27.6
9.54,Afternoon,Medium,Clear,5.9,19.6
18.26,Morning,Medium,Clear,19.4,39.0
8.13,Afternoon,Medium,Clear,14.9,21.2
14.59,Afternoon,High,Clear,19.2,40.1
12.43,Morning,Low,Clear,9.7,25.5
16.93,Morning,Low,Rainy,10.6,39.1
23.48,Evening,Low,Clear,18.2,45.2
18.58,Morning,Medium,Clear,11.5,32.5
6.16,Afternoon,Medium,Clear,14.7,21.3
1.75,Morning,Low,Clear,6.5,7.8
7.29,Night,Low,Rainy,10.0,27.8
15.28,Morning,Medium,Clear,4.2,33.2
2.23,Afternoon,Low,Clear,5.7,10.9
12.91,Night,Medium,Clear,2.0,37.0
15.32,Evening,High,Clear,2.7,40.7
9.02,Morning,Low,Clear,19.6,21.2
19.5,Evening,Low,Clear,6.4,39.4
3.56,Afternoon,Medium,Clear,13.9,17.9
2.8,Afternoon,Medium,Clear,17.1,14.8
18.48,Morning,Medium,Clear,11.9,34.9
12.89,Morning,High,Rainy,4.8,41.5
17.52,Evening,Low,Clear,15.1,30.9
11.44,Afternoon,Medium,Clear,12.8,27.6
6.91,Afternoon,Medium,Clear,15.2,25.2
20.66,Evening,High,Rainy,15.9,53.2
20.19,Evening,Low,Clear,19.6,44.8
17.67,Morning,Medium,Clear,12.3,38.6
7.53,Evening,Medium,Clear,8.1,21.3
15.17,Morning,Low,Clear,13.7,28.5
9.66,Evening,Low,Clear,3.2,19.5
3.2,Evening,High,Clear,18.2,29.9
23.02,Night,Low,Clear,4.1,45.7
4.28,Morning,Low,Clear,7.9,5.0
23.81,Morning,Low,Clear,16.7,42.5
11.7,Morning,High,Clear,12.8,32.8
